{"cameraMode":{"drawMode":0,"name":"Shaded","section":"Shading Mode"},"sceneLighting":false,"audioPlay":false,"sceneViewState":{"m_AlwaysRefresh":false,"showFog":true,"showSkybox":false,"showFlares":true,"showImageEffects":true,"showParticleSystems":true,"showVisualEffectGraphs":true,"m_FxEnabled":true},"in2DMode":false,"pivot":{"x":1.6874589920043946,"y":5.815342426300049,"z":-3.4095115661621095},"rotation":{"x":-0.0964270681142807,"y":0.025972411036491395,"z":-0.002516902284696698,"w":-0.9950017333030701},"size":12.12435531616211,"orthographic":false}