{"cameraMode":{"drawMode":0,"name":"Shaded","section":"Shading Mode"},"sceneLighting":false,"audioPlay":false,"sceneViewState":{"m_AlwaysRefresh":false,"showFog":true,"showSkybox":false,"showFlares":true,"showImageEffects":true,"showParticleSystems":true,"showVisualEffectGraphs":true,"m_FxEnabled":true},"in2DMode":false,"pivot":{"x":-0.44723230600357058,"y":-0.5480318069458008,"z":0.18258094787597657},"rotation":{"x":-0.0022200464736670257,"y":0.9897021651268005,"z":-0.14229799807071687,"w":-0.015440629795193673},"size":11.062601089477539,"orthographic":false}